{
  "manifest.json": 1744132398388,
  "ext/controller/ListReportExtension.controller.js": 1744115498602,
  "i18n/i18n.properties": 1742509635389,
  "Component.js": 1742509635385,
  "Component-dbg.js": 1742509635385,
  "Component.js.map": 1744132398671,
  "ext/controller/ListReportExtension-dbg.controller.js": 1744115498602,
  "ext/controller/ListReportExtension.controller.js.map": 1744132398712,
  "Component-preload.js": 1744132398940,
  "Component-preload.js.map": 1744132398940,
  "index.html": 1742509635385
}